Date,Social Media Platform,Post Content,Sentiment Score,Stock Symbol,Stock Price,Price Change (%)
2023-03-22,Facebook,Post about TSLA stock,-0.79,AMZN,1113.56,3.96
2023-12-25,Reddit,Post about TSLA stock,0.89,MSFT,1101.41,-3.02
2023-03-19,Facebook,Post about GOOG stock,0.41,MSFT,786.88,-3.97
2023-11-05,Twitter,Post about AMZN stock,-0.65,GOOG,508.6,1.66
2023-01-12,Twitter,Post about AAPL stock,0.64,TSLA,1002.26,3.46
2023-07-04,Reddit,Post about MSFT stock,0.5,AMZN,729.38,-4.91
2023-06-04,Facebook,Post about MSFT stock,0.3,AMZN,1059.69,-0.05
2023-11-09,Reddit,Post about AMZN stock,-0.19,AAPL,943.59,3.47
2023-07-18,Reddit,Post about AAPL stock,-0.71,AMZN,920.54,-0.81
2023-05-31,Twitter,Post about GOOG stock,-0.4,GOOG,824.31,-0.57
2023-02-25,Twitter,Post about TSLA stock,0.39,MSFT,564.74,-1.24
2023-07-02,Reddit,Post about GOOG stock,-0.41,MSFT,300.3,2.97
2023-10-07,Facebook,Post about TSLA stock,-0.15,AAPL,731.16,-1.51
2023-11-10,Twitter,Post about AMZN stock,0.85,AAPL,1223.98,4.32
2023-09-21,Reddit,Post about AAPL stock,0.15,AAPL,412.85,1.6
2023-08-08,Reddit,Post about AAPL stock,-0.11,AMZN,401.6,-3.65
2023-09-24,Reddit,Post about TSLA stock,0.82,TSLA,823.25,4.37
2023-06-07,Reddit,Post about MSFT stock,0.94,GOOG,815.79,2.96
2023-09-06,Facebook,Post about GOOG stock,-0.72,MSFT,735.55,4.83
2023-03-15,Reddit,Post about TSLA stock,-0.13,MSFT,1227.95,2.5
2023-01-31,Twitter,Post about TSLA stock,0.58,AMZN,1123.46,2.56
2023-02-09,Reddit,Post about AAPL stock,-0.23,GOOG,486.94,-4.03
2023-04-26,Twitter,Post about TSLA stock,0.3,AAPL,961.92,3.47
2023-10-10,Twitter,Post about AAPL stock,-0.23,GOOG,959.47,0.48
2023-01-19,Reddit,Post about AMZN stock,-0.2,AAPL,1488.07,-1.13
2023-11-14,Facebook,Post about GOOG stock,0.43,MSFT,1079.53,-2.85
2023-05-18,Twitter,Post about AMZN stock,-0.24,MSFT,692.05,-3.91
2023-08-31,Reddit,Post about MSFT stock,0.95,GOOG,781.67,-1.65
2023-08-18,Reddit,Post about AAPL stock,0.13,AAPL,1432.61,2.9
2023-04-12,Facebook,Post about TSLA stock,-0.3,TSLA,1076.26,2.88
2023-02-08,Twitter,Post about MSFT stock,-0.05,TSLA,733.63,0.26
2023-05-05,Twitter,Post about MSFT stock,0.86,TSLA,242.22,-4.6
2023-08-04,Twitter,Post about TSLA stock,0.57,AMZN,883.6,-1.94
2023-06-18,Facebook,Post about AAPL stock,-0.17,AAPL,530.55,-4.31
2023-06-14,Facebook,Post about GOOG stock,-0.8,AAPL,647.54,-1.2
2023-06-06,Twitter,Post about MSFT stock,0.54,AMZN,265.43,1.21
2023-11-05,Twitter,Post about GOOG stock,0.07,AAPL,324.52,0.7
2023-08-30,Facebook,Post about GOOG stock,-0.84,AMZN,842.65,-2.17
2023-04-08,Facebook,Post about TSLA stock,-0.86,AAPL,743.97,-3.99
2023-05-30,Twitter,Post about TSLA stock,0.08,GOOG,1085.98,0.75
2023-06-16,Twitter,Post about AAPL stock,-0.08,AMZN,180.13,4.38
2023-03-11,Facebook,Post about AAPL stock,0.73,GOOG,152.27,-1.93
2023-11-03,Facebook,Post about AAPL stock,0.46,TSLA,943.79,-0.07
2023-10-18,Facebook,Post about GOOG stock,-0.26,AMZN,103.87,-0.46
2023-10-12,Reddit,Post about AAPL stock,0.31,AAPL,958.75,-0.49
2023-06-09,Reddit,Post about AAPL stock,-0.21,GOOG,385.19,3.82
2023-06-14,Twitter,Post about MSFT stock,0.37,AAPL,1169.55,1.35
2023-02-28,Twitter,Post about TSLA stock,0.83,MSFT,475.49,0.78
2023-01-10,Facebook,Post about AAPL stock,0.39,GOOG,405.06,-2.71
2023-03-13,Twitter,Post about MSFT stock,-0.7,GOOG,178.42,0.78
2023-10-15,Reddit,Post about TSLA stock,0.1,MSFT,1468.57,2.25
2023-07-23,Twitter,Post about MSFT stock,-0.69,AMZN,1223.67,-2.7
2023-07-20,Reddit,Post about AMZN stock,0.33,MSFT,450.18,4.86
2023-03-27,Reddit,Post about AMZN stock,0.31,AMZN,1400.96,2.01
2023-07-11,Reddit,Post about MSFT stock,0.33,AAPL,339.27,-3.2
2023-10-09,Twitter,Post about MSFT stock,-0.36,GOOG,401.63,-2.36
2023-07-30,Facebook,Post about TSLA stock,0.52,AMZN,1430.45,-1.03
2023-01-17,Twitter,Post about AAPL stock,0.67,AAPL,231.17,2.79
2023-12-21,Reddit,Post about AAPL stock,-0.63,MSFT,897.55,-1.23
2023-09-28,Facebook,Post about AAPL stock,0.62,AMZN,140.74,-3.97
2023-11-27,Twitter,Post about GOOG stock,0.97,GOOG,402.21,-1.6
2023-09-16,Facebook,Post about AAPL stock,0.7,TSLA,1341.41,-0.38
2023-04-13,Reddit,Post about TSLA stock,0.1,GOOG,1461.5,-3.8
2023-02-28,Reddit,Post about AAPL stock,0.37,AMZN,1407.75,-4.42
2023-12-01,Facebook,Post about AMZN stock,0.55,GOOG,264.41,0.4
2023-07-03,Reddit,Post about AAPL stock,-0.93,GOOG,358.05,-3.63
2023-03-07,Facebook,Post about GOOG stock,0.63,AAPL,1423.76,1.8
2023-10-10,Twitter,Post about AAPL stock,0.71,AMZN,1373.91,2.11
2023-04-24,Facebook,Post about TSLA stock,0.53,AMZN,276.92,-0.42
2023-06-01,Twitter,Post about MSFT stock,-0.3,TSLA,527.24,-3.88
2023-01-01,Facebook,Post about GOOG stock,0.33,GOOG,1308.07,3.04
2023-03-20,Reddit,Post about MSFT stock,-0.1,AAPL,166.73,4.63
2023-10-17,Reddit,Post about MSFT stock,-0.53,AAPL,712.1,-3.78
2023-11-04,Facebook,Post about TSLA stock,0.8,AAPL,444.77,3.64
2023-11-29,Twitter,Post about MSFT stock,-0.92,GOOG,378.47,4.55
2023-12-27,Twitter,Post about MSFT stock,-0.02,GOOG,773.51,3.2
2023-12-25,Facebook,Post about AMZN stock,-0.85,AMZN,903.01,4.14
2023-01-22,Reddit,Post about GOOG stock,0.45,AMZN,1185.31,4.4
2023-02-28,Reddit,Post about MSFT stock,-0.05,MSFT,214.23,-3.07
2023-02-26,Facebook,Post about GOOG stock,1.0,GOOG,411.58,-2.03
2023-06-27,Facebook,Post about AAPL stock,-0.59,AMZN,597.58,-2.55
2023-12-01,Facebook,Post about TSLA stock,0.15,GOOG,371.86,0.65
2023-06-04,Reddit,Post about GOOG stock,0.3,TSLA,919.43,0.92
2023-04-22,Twitter,Post about GOOG stock,0.4,TSLA,361.13,1.79
2023-10-13,Reddit,Post about MSFT stock,0.75,AMZN,559.46,-2.17
2023-06-11,Facebook,Post about GOOG stock,0.28,AAPL,1413.31,-2.23
2023-07-31,Reddit,Post about TSLA stock,0.86,GOOG,1217.53,2.9
2023-08-26,Facebook,Post about MSFT stock,-0.08,AAPL,655.23,-4.83
2023-11-10,Twitter,Post about AAPL stock,-0.2,GOOG,1217.64,-2.99
2023-04-28,Facebook,Post about AAPL stock,-0.45,MSFT,1130.67,1.05
2023-09-30,Twitter,Post about MSFT stock,-0.92,GOOG,439.34,1.08
2023-01-15,Facebook,Post about GOOG stock,0.38,MSFT,1405.99,-0.61
2023-10-21,Facebook,Post about GOOG stock,-0.05,AMZN,138.24,-4.11
2023-10-08,Twitter,Post about AAPL stock,-0.89,MSFT,544.12,2.75
2023-12-28,Facebook,Post about AMZN stock,0.19,AMZN,235.05,-3.65
2023-11-20,Facebook,Post about MSFT stock,0.14,MSFT,937.76,-2.16
2023-10-24,Facebook,Post about TSLA stock,-0.34,AMZN,962.64,1.49
2023-06-03,Facebook,Post about MSFT stock,0.73,AMZN,844.29,1.88
2023-01-11,Twitter,Post about AAPL stock,-0.68,MSFT,419.78,-3.56
2023-02-25,Facebook,Post about AMZN stock,0.49,GOOG,124.4,3.47
2023-03-05,Twitter,Post about GOOG stock,0.26,GOOG,444.06,3.79
2023-03-01,Reddit,Post about TSLA stock,-0.52,MSFT,628.31,-0.56
2023-05-02,Facebook,Post about GOOG stock,0.52,GOOG,1415.83,-2.38
2023-10-21,Twitter,Post about GOOG stock,-0.48,AAPL,415.03,-2.4
2023-08-19,Facebook,Post about AMZN stock,-0.26,MSFT,1302.54,-0.93
2023-06-25,Twitter,Post about AAPL stock,-0.6,AAPL,1045.79,4.68
2023-06-06,Twitter,Post about MSFT stock,0.16,MSFT,1208.83,0.21
2023-05-12,Reddit,Post about MSFT stock,-0.52,MSFT,420.16,0.04
2023-05-12,Twitter,Post about AMZN stock,-0.9,MSFT,863.75,2.12
2023-07-08,Facebook,Post about MSFT stock,0.24,TSLA,1167.26,-3.07
2023-11-04,Twitter,Post about AAPL stock,0.61,GOOG,1172.33,-3.28
2023-09-29,Twitter,Post about AMZN stock,0.33,AMZN,1197.56,0.98
2023-07-08,Twitter,Post about AAPL stock,0.96,TSLA,463.21,-2.22
2023-10-23,Twitter,Post about AAPL stock,-0.47,AAPL,920.28,-0.42
2023-05-08,Facebook,Post about MSFT stock,0.51,MSFT,477.34,4.13
2023-10-26,Facebook,Post about GOOG stock,-0.3,GOOG,493.31,-3.92
2023-06-28,Twitter,Post about AAPL stock,-0.63,AMZN,1151.69,-2.27
2023-08-27,Twitter,Post about MSFT stock,-0.25,AMZN,776.84,3.17
2023-03-01,Facebook,Post about TSLA stock,-0.84,GOOG,664.11,2.25
2023-03-20,Reddit,Post about TSLA stock,0.95,AMZN,1239.2,-2.99
2023-01-05,Facebook,Post about GOOG stock,-0.27,TSLA,919.84,-0.39
2023-08-04,Twitter,Post about AAPL stock,0.17,AAPL,1210.14,-4.69
2023-01-16,Reddit,Post about GOOG stock,-0.11,AAPL,112.78,4.22
2023-04-05,Twitter,Post about GOOG stock,-0.75,AMZN,937.35,-2.85
2023-08-25,Twitter,Post about TSLA stock,0.66,GOOG,1144.23,4.28
2023-09-27,Twitter,Post about GOOG stock,-0.44,TSLA,1081.41,1.9
2023-02-22,Twitter,Post about GOOG stock,0.4,GOOG,593.56,-1.06
2023-07-29,Reddit,Post about GOOG stock,0.04,TSLA,1231.72,4.8
2023-02-25,Twitter,Post about AMZN stock,0.36,GOOG,588.98,-2.35
2023-08-13,Facebook,Post about MSFT stock,0.31,AAPL,1239.12,4.76
2023-09-22,Reddit,Post about TSLA stock,-0.9,TSLA,420.36,-0.18
2023-04-25,Reddit,Post about GOOG stock,0.44,AMZN,558.61,2.04
2023-06-23,Reddit,Post about GOOG stock,0.02,TSLA,265.08,-1.28
2023-04-29,Facebook,Post about GOOG stock,0.05,MSFT,643.19,4.53
2023-12-14,Facebook,Post about GOOG stock,-0.87,AMZN,846.44,2.08
2023-10-10,Twitter,Post about TSLA stock,-0.73,AMZN,244.41,1.61
2023-12-05,Reddit,Post about TSLA stock,-0.44,AAPL,1009.78,-0.43
2023-01-02,Reddit,Post about AAPL stock,0.89,AAPL,422.33,-2.59
2023-12-02,Facebook,Post about GOOG stock,-0.05,AAPL,985.94,-0.34
2023-04-14,Twitter,Post about GOOG stock,-0.99,AMZN,1058.56,-1.12
2023-11-18,Reddit,Post about MSFT stock,-0.85,AMZN,878.31,0.0
2023-04-21,Facebook,Post about MSFT stock,0.84,AMZN,1498.95,-4.82
2023-03-12,Reddit,Post about TSLA stock,0.13,AMZN,385.0,-3.4
2023-02-28,Reddit,Post about MSFT stock,-0.95,TSLA,724.82,-3.53
2023-12-13,Twitter,Post about AAPL stock,-0.72,AAPL,1407.09,0.92
2023-07-13,Twitter,Post about AMZN stock,-0.36,AMZN,994.68,-4.31
2023-05-22,Reddit,Post about MSFT stock,-0.9,AAPL,1444.4,-4.59
2023-06-10,Facebook,Post about AAPL stock,0.12,AAPL,1029.76,-4.16
2023-07-13,Reddit,Post about MSFT stock,0.42,MSFT,1391.12,-4.56
2023-03-29,Twitter,Post about AAPL stock,-0.85,TSLA,924.76,-0.57
2023-04-16,Reddit,Post about AAPL stock,0.6,TSLA,1406.4,-3.86
2023-02-22,Twitter,Post about AMZN stock,0.95,MSFT,1085.47,-2.45
2023-10-22,Reddit,Post about GOOG stock,-0.07,MSFT,595.6,-0.07
2023-09-27,Facebook,Post about AAPL stock,0.41,GOOG,952.82,-4.09
2023-08-01,Facebook,Post about GOOG stock,0.07,AAPL,492.9,-4.7
2023-01-19,Facebook,Post about MSFT stock,0.06,GOOG,1021.68,-4.62
2023-11-20,Reddit,Post about AAPL stock,-0.52,GOOG,1379.73,4.64
2023-07-11,Reddit,Post about GOOG stock,0.14,AMZN,469.44,3.56
2023-01-14,Reddit,Post about AAPL stock,0.62,MSFT,174.58,0.69
2023-05-13,Facebook,Post about GOOG stock,0.75,AAPL,696.68,-4.31
2023-08-01,Twitter,Post about AAPL stock,0.12,MSFT,489.36,-0.57
2023-07-15,Reddit,Post about GOOG stock,0.41,AMZN,785.17,-0.83
2023-03-23,Reddit,Post about AAPL stock,-0.69,AMZN,875.79,4.6
2023-03-26,Twitter,Post about AMZN stock,-0.05,MSFT,524.76,1.16
2023-07-25,Twitter,Post about TSLA stock,-0.45,GOOG,1413.37,1.5
2023-02-16,Facebook,Post about TSLA stock,-0.76,AMZN,123.52,-2.53
2023-07-05,Facebook,Post about TSLA stock,-0.81,MSFT,1354.53,1.17
2023-05-05,Twitter,Post about TSLA stock,-0.32,GOOG,1061.63,-1.15
2023-08-16,Facebook,Post about GOOG stock,-0.46,MSFT,274.21,1.08
2023-01-14,Reddit,Post about TSLA stock,0.8,AMZN,1202.04,-0.77
2023-07-17,Twitter,Post about AAPL stock,0.85,AAPL,1359.5,-1.71
2023-06-10,Twitter,Post about MSFT stock,-0.36,AMZN,428.39,-2.57
2023-05-21,Facebook,Post about MSFT stock,0.14,AMZN,964.7,-3.4
2023-01-07,Facebook,Post about AMZN stock,-0.27,TSLA,150.36,-3.54
2023-10-01,Facebook,Post about AAPL stock,-0.12,TSLA,534.38,3.47
2023-02-19,Reddit,Post about TSLA stock,-0.05,MSFT,1319.2,-3.48
2023-03-13,Reddit,Post about AMZN stock,0.85,GOOG,182.85,1.51
2023-01-27,Reddit,Post about AMZN stock,-0.81,MSFT,130.41,4.63
2023-12-12,Reddit,Post about MSFT stock,-0.56,AMZN,620.4,-0.75
2023-10-03,Twitter,Post about GOOG stock,0.44,AAPL,427.07,-2.17
2023-12-25,Twitter,Post about GOOG stock,-0.64,AMZN,1128.87,-4.15
2023-03-10,Facebook,Post about AAPL stock,0.68,AAPL,1422.44,-1.82
2023-02-05,Facebook,Post about MSFT stock,0.84,AMZN,353.33,-1.41
2023-03-29,Reddit,Post about MSFT stock,0.61,MSFT,170.49,-3.64
2023-10-01,Twitter,Post about AMZN stock,0.01,MSFT,848.51,-3.74
2023-05-16,Twitter,Post about MSFT stock,-0.93,TSLA,1208.6,-1.83
2023-01-20,Reddit,Post about AMZN stock,0.61,TSLA,129.85,3.83
2023-03-15,Reddit,Post about GOOG stock,0.73,AMZN,440.55,-4.85
2023-04-27,Twitter,Post about MSFT stock,-0.12,GOOG,1220.78,-0.21
2023-08-06,Facebook,Post about TSLA stock,-0.16,MSFT,919.31,-4.13
2023-04-14,Twitter,Post about AMZN stock,0.73,TSLA,674.0,0.25
2023-05-19,Reddit,Post about GOOG stock,0.27,MSFT,1104.67,-2.32
2023-03-10,Facebook,Post about GOOG stock,0.5,AAPL,1024.03,-0.88
2023-03-03,Reddit,Post about TSLA stock,0.18,AAPL,374.92,0.51
2023-11-10,Reddit,Post about GOOG stock,-0.23,TSLA,871.42,-1.62
2023-01-10,Twitter,Post about AAPL stock,0.76,GOOG,1354.74,-1.37
2023-12-08,Reddit,Post about TSLA stock,0.16,TSLA,1061.47,-1.67
2023-08-22,Facebook,Post about GOOG stock,-0.23,MSFT,585.32,4.39
2023-03-31,Reddit,Post about AAPL stock,0.81,AAPL,447.41,2.89
2023-06-25,Facebook,Post about GOOG stock,0.74,TSLA,246.61,-2.75
2023-06-04,Reddit,Post about AAPL stock,-0.97,AAPL,412.65,1.56
2023-07-01,Twitter,Post about TSLA stock,-0.47,AMZN,811.62,-3.94
2023-10-17,Facebook,Post about AMZN stock,0.64,GOOG,1498.16,-1.75
2023-01-20,Reddit,Post about MSFT stock,-0.92,GOOG,1117.41,4.45
2023-07-14,Twitter,Post about AAPL stock,-0.04,TSLA,264.84,2.79
2023-01-13,Facebook,Post about MSFT stock,-0.2,AMZN,1372.16,3.52
2023-01-19,Facebook,Post about AAPL stock,-0.71,MSFT,266.18,3.29
2023-09-29,Reddit,Post about MSFT stock,-0.69,AMZN,1044.76,2.46
2023-11-02,Twitter,Post about MSFT stock,-0.22,AMZN,1148.82,-0.68
2023-01-13,Facebook,Post about TSLA stock,-0.79,TSLA,974.73,-4.72
2023-03-20,Twitter,Post about MSFT stock,-0.46,AMZN,315.17,4.14
2023-07-23,Reddit,Post about AAPL stock,0.12,MSFT,1379.84,4.6
2023-10-27,Reddit,Post about AMZN stock,0.19,AAPL,546.55,4.2
2023-12-02,Facebook,Post about AAPL stock,0.6,GOOG,625.25,3.67
2023-11-01,Reddit,Post about AMZN stock,-0.99,GOOG,1013.31,-4.22
2023-06-25,Facebook,Post about GOOG stock,0.18,MSFT,684.9,3.71
2023-03-20,Facebook,Post about AMZN stock,-0.62,TSLA,652.37,1.95
2023-08-06,Twitter,Post about TSLA stock,-0.2,AMZN,443.17,-2.17
2023-05-02,Facebook,Post about MSFT stock,0.13,TSLA,769.84,-3.01
2023-09-28,Twitter,Post about GOOG stock,-0.69,GOOG,1042.94,-1.93
2023-07-22,Reddit,Post about MSFT stock,0.48,AAPL,495.99,2.62
2023-09-09,Facebook,Post about MSFT stock,-0.35,MSFT,847.32,-0.58
2023-06-08,Reddit,Post about AAPL stock,-0.62,GOOG,1372.97,-4.0
2023-04-17,Facebook,Post about AMZN stock,0.76,MSFT,727.73,-0.3
2023-12-17,Facebook,Post about MSFT stock,0.35,MSFT,1180.85,0.28
2023-09-06,Facebook,Post about AMZN stock,-0.73,AMZN,618.46,4.59
2023-01-21,Twitter,Post about AMZN stock,-0.98,AMZN,1157.9,-2.98
2023-03-19,Facebook,Post about AAPL stock,-0.44,TSLA,1197.93,2.49
2023-04-12,Twitter,Post about MSFT stock,-0.23,TSLA,720.38,-4.57
2023-05-20,Facebook,Post about TSLA stock,-0.87,AMZN,647.68,1.05
2023-09-16,Facebook,Post about AAPL stock,0.15,AAPL,181.84,-1.49
2023-01-14,Twitter,Post about GOOG stock,-0.44,AAPL,599.77,-4.86
2023-02-27,Facebook,Post about AMZN stock,0.55,TSLA,529.56,-3.95
2023-06-21,Twitter,Post about MSFT stock,-0.89,MSFT,799.79,-2.65
2023-05-08,Twitter,Post about AMZN stock,0.35,TSLA,1328.48,4.89
2023-11-01,Twitter,Post about GOOG stock,0.26,AMZN,1164.21,-0.6
2023-02-28,Twitter,Post about AMZN stock,-0.2,AMZN,1353.24,4.56
2023-11-18,Facebook,Post about AMZN stock,0.56,MSFT,760.67,2.79
2023-08-05,Facebook,Post about AMZN stock,-0.82,AAPL,187.4,4.29
2023-08-21,Facebook,Post about GOOG stock,0.75,TSLA,329.34,-0.62
2023-02-06,Twitter,Post about GOOG stock,0.65,MSFT,960.1,2.1
2023-10-13,Reddit,Post about GOOG stock,-0.62,AAPL,223.44,2.71
2023-01-06,Twitter,Post about GOOG stock,0.65,AMZN,759.65,-0.12
2023-06-24,Twitter,Post about TSLA stock,0.44,MSFT,1110.93,-1.76
2023-06-19,Facebook,Post about MSFT stock,-0.48,AAPL,215.72,4.44
2023-02-19,Facebook,Post about AAPL stock,-0.51,AMZN,148.41,0.67
2023-11-07,Facebook,Post about AAPL stock,-0.43,AAPL,1275.33,-2.55
2023-07-02,Twitter,Post about AAPL stock,0.05,MSFT,1355.81,4.2
2023-06-14,Twitter,Post about GOOG stock,0.85,GOOG,1218.03,0.12
2023-12-04,Facebook,Post about GOOG stock,-0.27,TSLA,1415.15,-1.76
2023-05-12,Facebook,Post about GOOG stock,-0.22,TSLA,1126.53,0.37
2023-12-24,Facebook,Post about AMZN stock,0.73,TSLA,339.13,0.24
2023-04-09,Facebook,Post about MSFT stock,-0.49,GOOG,892.81,-2.35
2023-05-11,Reddit,Post about AMZN stock,0.73,TSLA,1445.22,-0.56
2023-12-29,Facebook,Post about AMZN stock,-0.44,MSFT,1464.4,3.73
2023-01-15,Reddit,Post about MSFT stock,-0.22,TSLA,382.42,-0.44
2023-03-05,Twitter,Post about TSLA stock,-0.54,TSLA,1215.82,-0.82
2023-12-09,Reddit,Post about TSLA stock,0.14,AMZN,631.5,-2.9
2023-07-04,Facebook,Post about AMZN stock,-0.94,AMZN,164.62,-2.47
2023-08-31,Facebook,Post about MSFT stock,-0.31,MSFT,236.24,0.12
2023-04-20,Twitter,Post about AAPL stock,0.62,AAPL,874.04,-3.9
2023-08-26,Twitter,Post about TSLA stock,0.37,AMZN,265.73,4.23
2023-06-29,Reddit,Post about AAPL stock,-0.71,AMZN,566.01,-4.09
2023-10-10,Reddit,Post about GOOG stock,-0.51,GOOG,1465.66,3.53
2023-05-17,Facebook,Post about MSFT stock,-0.38,TSLA,247.96,4.44
2023-05-07,Reddit,Post about TSLA stock,0.59,AAPL,1417.13,0.52
2023-10-09,Reddit,Post about AMZN stock,0.37,TSLA,1469.02,1.6
2023-12-13,Twitter,Post about AAPL stock,-0.75,MSFT,620.07,-2.94
2023-10-16,Facebook,Post about TSLA stock,-0.7,MSFT,325.72,-4.65
2023-10-01,Twitter,Post about AMZN stock,0.24,AMZN,1485.55,0.73
2023-01-22,Facebook,Post about AAPL stock,-0.67,AMZN,1401.26,-4.46
2023-03-21,Reddit,Post about TSLA stock,-0.89,MSFT,644.63,3.66
2023-12-21,Twitter,Post about AAPL stock,-0.52,MSFT,1108.46,2.32
2023-08-14,Reddit,Post about AMZN stock,-0.76,AMZN,1249.36,-1.91
2023-08-12,Facebook,Post about TSLA stock,-0.18,MSFT,682.07,1.66
2023-01-01,Twitter,Post about AMZN stock,0.69,MSFT,151.53,4.88
2023-04-03,Twitter,Post about GOOG stock,0.35,AAPL,465.29,4.63
2023-01-15,Twitter,Post about GOOG stock,0.32,MSFT,471.38,-3.34
2023-03-30,Facebook,Post about AAPL stock,0.89,MSFT,982.18,4.55
2023-02-25,Reddit,Post about MSFT stock,-0.52,GOOG,1034.08,1.31
2023-09-16,Twitter,Post about GOOG stock,0.63,TSLA,816.03,-2.8
2023-05-20,Twitter,Post about AMZN stock,-0.77,GOOG,483.13,-3.17
2023-12-07,Twitter,Post about AMZN stock,-0.4,AAPL,499.77,1.03
2023-02-23,Reddit,Post about MSFT stock,0.6,AAPL,361.75,2.03
2023-11-18,Reddit,Post about AMZN stock,-0.26,AAPL,1304.02,-4.73
2023-01-10,Reddit,Post about AAPL stock,-0.16,AMZN,1165.62,2.29
2023-11-02,Facebook,Post about GOOG stock,0.26,MSFT,487.88,1.04
2023-01-15,Twitter,Post about AAPL stock,-0.88,TSLA,287.09,1.0
2023-01-22,Twitter,Post about AMZN stock,0.53,AMZN,1038.38,3.58
2023-11-17,Facebook,Post about AAPL stock,0.46,TSLA,687.6,3.96
2023-08-03,Facebook,Post about TSLA stock,0.3,MSFT,574.92,-2.43
2023-04-03,Reddit,Post about AMZN stock,0.26,TSLA,908.46,1.06
2023-10-12,Facebook,Post about MSFT stock,-0.08,AMZN,1195.38,-2.05
2023-04-02,Facebook,Post about AAPL stock,0.62,MSFT,215.72,-1.63
2023-05-16,Reddit,Post about GOOG stock,-0.17,TSLA,658.89,4.61
2023-01-18,Reddit,Post about MSFT stock,-0.71,GOOG,871.9,-3.96
2023-05-08,Reddit,Post about MSFT stock,0.88,AMZN,565.14,2.68
2023-05-24,Reddit,Post about GOOG stock,-0.22,MSFT,1397.76,3.44
2023-06-26,Facebook,Post about MSFT stock,0.4,GOOG,844.13,-2.71
2023-03-19,Facebook,Post about MSFT stock,-0.46,GOOG,425.8,-4.07
2023-03-03,Facebook,Post about GOOG stock,-0.74,AMZN,570.91,1.95
2023-01-20,Twitter,Post about AAPL stock,-1.0,TSLA,486.42,1.53
2023-11-23,Facebook,Post about AAPL stock,-0.0,GOOG,1345.94,-2.2
2023-11-03,Reddit,Post about TSLA stock,0.05,GOOG,255.43,-4.28
2023-08-05,Twitter,Post about AMZN stock,0.14,GOOG,341.15,-4.13
2023-10-16,Reddit,Post about AMZN stock,0.7,MSFT,1081.36,-2.39
2023-07-07,Facebook,Post about GOOG stock,-0.17,GOOG,885.86,-0.55
2023-05-13,Reddit,Post about GOOG stock,-0.5,AAPL,932.23,-2.15
2023-03-02,Reddit,Post about AMZN stock,-0.57,TSLA,1279.96,-0.58
2023-03-05,Facebook,Post about AAPL stock,0.3,GOOG,283.51,2.6
2023-11-18,Facebook,Post about AMZN stock,-0.82,TSLA,501.92,2.85
2023-07-26,Facebook,Post about MSFT stock,-0.48,MSFT,899.2,2.58
2023-12-09,Reddit,Post about MSFT stock,0.85,TSLA,979.68,-2.36
2023-05-07,Twitter,Post about GOOG stock,-0.43,AMZN,1251.58,-1.09
2023-04-19,Reddit,Post about MSFT stock,-0.75,GOOG,542.42,1.03
2023-10-18,Reddit,Post about TSLA stock,-0.05,AMZN,1355.52,0.55
2023-07-15,Reddit,Post about AAPL stock,0.47,AAPL,862.53,1.5
2023-05-06,Reddit,Post about MSFT stock,0.1,AAPL,182.34,-0.06
2023-12-25,Twitter,Post about GOOG stock,0.76,GOOG,1015.31,-3.4
2023-12-26,Facebook,Post about AMZN stock,0.36,GOOG,589.77,-3.26
2023-04-15,Reddit,Post about MSFT stock,0.81,TSLA,103.88,1.68
2023-10-07,Facebook,Post about TSLA stock,-0.07,AAPL,543.1,0.33
2023-10-13,Facebook,Post about GOOG stock,0.31,TSLA,816.72,3.33
2023-07-16,Twitter,Post about GOOG stock,-0.93,MSFT,1169.47,-4.12
2023-01-03,Reddit,Post about GOOG stock,-0.47,AMZN,670.42,-0.43
2023-01-06,Facebook,Post about AAPL stock,-0.8,GOOG,129.86,2.31
2023-02-18,Twitter,Post about MSFT stock,0.54,TSLA,220.57,-3.53
2023-07-26,Twitter,Post about TSLA stock,-0.03,AMZN,204.11,4.3
2023-04-30,Facebook,Post about AAPL stock,0.07,AMZN,1459.74,0.69
2023-04-08,Twitter,Post about TSLA stock,-0.54,AMZN,465.21,-2.62
2023-03-15,Twitter,Post about GOOG stock,0.71,AAPL,391.4,-3.14
2023-03-02,Facebook,Post about GOOG stock,-0.7,TSLA,1316.46,-1.33
2023-05-22,Reddit,Post about TSLA stock,0.18,GOOG,126.93,-4.97
2023-02-17,Twitter,Post about AAPL stock,-0.81,GOOG,509.74,2.98
2023-04-02,Facebook,Post about AMZN stock,1.0,MSFT,451.2,0.61
2023-02-05,Facebook,Post about GOOG stock,0.73,AMZN,1204.29,4.35
2023-08-15,Facebook,Post about GOOG stock,0.99,GOOG,1465.92,-1.72
2023-04-08,Facebook,Post about AAPL stock,0.25,MSFT,1474.0,0.91
2023-11-28,Twitter,Post about MSFT stock,-0.47,MSFT,607.11,-3.13
2023-01-01,Facebook,Post about TSLA stock,0.27,AAPL,974.18,2.58
2023-11-02,Twitter,Post about GOOG stock,-0.48,GOOG,504.19,0.36
2023-08-17,Facebook,Post about GOOG stock,0.14,AAPL,1492.59,-4.17
2023-10-14,Reddit,Post about GOOG stock,-0.95,TSLA,211.53,1.76
2023-04-20,Reddit,Post about AMZN stock,0.78,AAPL,1086.23,0.25
2023-05-19,Facebook,Post about MSFT stock,0.14,GOOG,1378.03,-4.26
2023-10-06,Reddit,Post about MSFT stock,0.39,MSFT,1479.83,1.01
2023-05-22,Twitter,Post about MSFT stock,-0.66,TSLA,1261.97,-0.57
2023-02-26,Twitter,Post about MSFT stock,0.71,MSFT,1451.81,-0.4
2023-05-18,Facebook,Post about AMZN stock,-0.98,TSLA,384.0,-4.61
2023-03-23,Facebook,Post about TSLA stock,0.84,GOOG,1260.2,-4.58
2023-07-28,Reddit,Post about TSLA stock,0.69,AMZN,249.02,-4.62
2023-01-31,Facebook,Post about AMZN stock,-0.13,AAPL,1214.98,-0.67
2023-04-27,Facebook,Post about GOOG stock,0.01,GOOG,1443.78,4.5
2023-08-13,Twitter,Post about AMZN stock,-0.59,MSFT,188.02,2.6
2023-10-04,Twitter,Post about AMZN stock,0.6,AMZN,948.74,4.41
2023-01-06,Reddit,Post about MSFT stock,-0.7,AMZN,148.01,-1.49
2023-06-27,Facebook,Post about TSLA stock,-0.99,TSLA,764.13,-0.88
2023-03-30,Facebook,Post about AAPL stock,-0.49,GOOG,1395.5,0.71
2023-03-07,Twitter,Post about AMZN stock,0.75,GOOG,679.91,-4.83
2023-09-21,Twitter,Post about MSFT stock,0.54,AMZN,1130.05,3.74
2023-05-15,Twitter,Post about AMZN stock,0.04,MSFT,901.51,2.75
2023-12-18,Twitter,Post about GOOG stock,0.29,AMZN,794.98,-0.09
2023-06-21,Twitter,Post about MSFT stock,-0.1,GOOG,1313.37,4.4
2023-06-22,Twitter,Post about TSLA stock,-0.28,TSLA,175.52,-3.99
2023-08-24,Reddit,Post about AMZN stock,0.67,TSLA,1412.77,-2.55
2023-01-19,Twitter,Post about TSLA stock,0.25,GOOG,572.12,3.22
2023-11-10,Facebook,Post about AMZN stock,-0.71,AMZN,1321.04,3.95
2023-01-15,Reddit,Post about TSLA stock,0.64,TSLA,156.58,0.17
2023-08-08,Facebook,Post about AMZN stock,-0.2,AMZN,1154.89,0.45
2023-10-09,Twitter,Post about TSLA stock,0.49,TSLA,1345.36,4.51
2023-10-13,Reddit,Post about GOOG stock,-0.34,GOOG,1144.98,2.09
2023-01-05,Twitter,Post about AMZN stock,0.8,GOOG,1405.8,4.86
2023-10-30,Reddit,Post about GOOG stock,0.14,AAPL,1158.97,-1.28
2023-09-15,Reddit,Post about AMZN stock,-0.11,TSLA,308.43,-2.77
2023-08-27,Twitter,Post about AAPL stock,0.95,AMZN,442.06,-3.55
2023-07-13,Twitter,Post about GOOG stock,-0.84,TSLA,1487.71,-4.16
2023-02-16,Twitter,Post about GOOG stock,0.16,AAPL,1162.28,1.08
2023-05-05,Twitter,Post about AMZN stock,-0.25,AAPL,653.78,3.46
2023-07-13,Facebook,Post about AAPL stock,-0.6,AMZN,1108.58,-4.15
2023-08-31,Twitter,Post about AMZN stock,0.45,MSFT,1329.25,0.32
2023-07-26,Facebook,Post about GOOG stock,-0.83,GOOG,1399.07,0.78
2023-10-09,Twitter,Post about AMZN stock,0.61,AMZN,1391.74,4.94
2023-08-19,Facebook,Post about TSLA stock,0.98,TSLA,678.46,-1.12
2023-01-31,Facebook,Post about GOOG stock,0.73,AAPL,815.14,-1.32
2023-02-24,Reddit,Post about AAPL stock,-0.01,MSFT,1418.49,4.78
2023-07-08,Facebook,Post about AAPL stock,-0.32,GOOG,812.11,-0.86
2023-08-22,Reddit,Post about AAPL stock,0.9,AMZN,363.1,1.99
2023-04-06,Twitter,Post about MSFT stock,0.14,TSLA,330.05,0.08
2023-01-30,Twitter,Post about MSFT stock,-0.72,TSLA,664.36,-1.1
2023-06-21,Reddit,Post about GOOG stock,0.74,AAPL,254.71,3.62
2023-04-18,Facebook,Post about MSFT stock,0.53,AMZN,1325.24,1.71
2023-10-12,Reddit,Post about AAPL stock,-0.89,TSLA,638.72,1.83
2023-05-12,Facebook,Post about TSLA stock,-0.76,AMZN,528.54,-2.74
2023-06-17,Twitter,Post about GOOG stock,-0.51,TSLA,144.6,-0.28
2023-09-03,Facebook,Post about GOOG stock,0.59,AMZN,730.18,4.96
2023-01-13,Twitter,Post about AAPL stock,-0.77,AAPL,1101.69,-3.72
2023-10-11,Twitter,Post about TSLA stock,0.96,TSLA,1323.61,-4.16
2023-08-30,Facebook,Post about AMZN stock,-0.31,GOOG,165.76,0.73
2023-05-17,Twitter,Post about MSFT stock,-0.72,GOOG,129.73,2.58
2023-01-29,Twitter,Post about GOOG stock,-0.78,GOOG,431.92,-1.67
2023-08-30,Reddit,Post about GOOG stock,-0.24,GOOG,551.02,2.79
2023-02-17,Reddit,Post about TSLA stock,0.15,TSLA,1398.38,0.63
2023-03-03,Reddit,Post about AMZN stock,-0.22,MSFT,519.61,4.52
2023-04-21,Twitter,Post about MSFT stock,0.0,AAPL,778.57,3.77
2023-08-15,Reddit,Post about MSFT stock,0.44,GOOG,1070.13,1.65
2023-03-13,Facebook,Post about AAPL stock,-0.28,AAPL,304.27,2.84
2023-12-13,Twitter,Post about GOOG stock,-0.64,AAPL,397.25,1.57
2023-05-04,Twitter,Post about GOOG stock,0.64,GOOG,825.39,-1.37
2023-12-05,Twitter,Post about AMZN stock,0.19,TSLA,1187.79,1.51
2023-04-10,Reddit,Post about TSLA stock,0.27,AAPL,1397.02,-0.86
2023-03-18,Reddit,Post about TSLA stock,-0.92,TSLA,903.01,3.38
2023-02-11,Facebook,Post about AMZN stock,0.03,AMZN,407.45,0.55
2023-01-25,Facebook,Post about AAPL stock,-0.2,TSLA,836.7,4.49
2023-02-10,Facebook,Post about AAPL stock,0.79,MSFT,736.83,-0.83
2023-05-06,Reddit,Post about AAPL stock,0.6,AMZN,461.62,1.92
2023-09-22,Twitter,Post about AAPL stock,-0.27,TSLA,1391.19,1.87
2023-10-24,Twitter,Post about GOOG stock,0.18,AAPL,859.6,-0.99
2023-06-06,Twitter,Post about AMZN stock,0.32,TSLA,1408.83,4.2
2023-03-17,Twitter,Post about GOOG stock,-0.72,MSFT,248.45,1.02
2023-03-11,Facebook,Post about MSFT stock,0.04,TSLA,1461.26,4.19
2023-05-26,Twitter,Post about AMZN stock,0.32,TSLA,721.02,-0.38
2023-02-01,Twitter,Post about AMZN stock,0.61,AAPL,937.06,1.76
2023-06-07,Facebook,Post about AAPL stock,-0.48,AMZN,1130.42,0.51
2023-06-29,Facebook,Post about AAPL stock,-0.73,AMZN,1239.68,-3.25
2023-12-24,Twitter,Post about AAPL stock,-0.82,GOOG,737.94,-2.94
2023-04-30,Facebook,Post about AMZN stock,-0.34,MSFT,954.71,-3.24
2023-05-30,Reddit,Post about TSLA stock,-0.22,AAPL,887.15,0.25
2023-12-22,Twitter,Post about AMZN stock,-0.83,GOOG,619.45,2.66
2023-08-22,Twitter,Post about MSFT stock,-0.85,TSLA,476.75,3.97
2023-01-24,Twitter,Post about MSFT stock,0.93,GOOG,835.19,-2.16
2023-03-13,Reddit,Post about AAPL stock,-0.9,TSLA,398.32,1.53
2023-11-03,Twitter,Post about AMZN stock,-0.16,AMZN,494.85,3.17
2023-02-01,Reddit,Post about AMZN stock,0.09,AAPL,148.75,-3.56
2023-07-01,Twitter,Post about MSFT stock,0.66,AMZN,849.92,-3.05
2023-06-26,Reddit,Post about MSFT stock,-0.87,AAPL,722.61,2.45
2023-01-04,Twitter,Post about AAPL stock,0.85,MSFT,1136.83,4.62
2023-08-27,Twitter,Post about MSFT stock,-0.61,AAPL,1172.07,-0.76
2023-11-11,Reddit,Post about TSLA stock,-0.04,MSFT,936.45,-1.08
2023-02-16,Twitter,Post about TSLA stock,-0.7,AMZN,1159.27,-3.13
2023-06-11,Twitter,Post about MSFT stock,0.27,AMZN,622.76,-3.03
2023-12-19,Reddit,Post about MSFT stock,0.33,AMZN,577.37,-4.04
2023-06-19,Twitter,Post about AMZN stock,0.49,AAPL,702.91,0.36
2023-06-04,Twitter,Post about AAPL stock,-0.35,AMZN,691.3,-3.38
2023-05-25,Twitter,Post about AAPL stock,-0.41,TSLA,703.35,-0.56
2023-09-06,Twitter,Post about MSFT stock,-0.89,GOOG,1327.78,0.3
2023-11-19,Reddit,Post about MSFT stock,-0.84,GOOG,826.53,4.5
2023-10-22,Reddit,Post about AAPL stock,-0.63,AAPL,920.34,-3.05
2023-06-28,Facebook,Post about GOOG stock,0.58,GOOG,155.52,-3.1
2023-12-04,Reddit,Post about GOOG stock,-0.6,AMZN,1484.72,-3.88
2023-05-12,Twitter,Post about MSFT stock,0.91,AMZN,620.81,-3.92
2023-02-08,Reddit,Post about GOOG stock,0.57,AMZN,1388.45,-2.85
2023-07-22,Facebook,Post about TSLA stock,0.51,AMZN,1171.89,-4.21
2023-08-14,Facebook,Post about AMZN stock,0.35,MSFT,513.79,-0.5
2023-08-13,Facebook,Post about AMZN stock,0.71,TSLA,1159.58,3.99
2023-01-03,Twitter,Post about AAPL stock,-0.66,MSFT,1273.66,2.87
2023-02-26,Facebook,Post about TSLA stock,0.68,MSFT,139.36,-4.63
2023-05-07,Twitter,Post about AMZN stock,0.33,MSFT,657.96,2.69
2023-02-13,Facebook,Post about MSFT stock,0.71,TSLA,1436.57,1.61
2023-07-10,Reddit,Post about AAPL stock,-0.51,TSLA,212.29,-3.17
2023-03-10,Facebook,Post about TSLA stock,-0.73,AAPL,939.51,4.7
2023-12-01,Twitter,Post about TSLA stock,0.18,GOOG,332.69,-1.89
2023-12-12,Twitter,Post about AMZN stock,0.82,GOOG,886.26,1.89
2023-02-15,Reddit,Post about GOOG stock,-0.37,AMZN,1484.08,1.7
2023-08-13,Reddit,Post about MSFT stock,-0.96,TSLA,1229.82,3.67
2023-11-06,Twitter,Post about TSLA stock,0.92,TSLA,1123.08,0.25
2023-05-05,Reddit,Post about MSFT stock,-0.65,MSFT,464.82,3.77
2023-03-24,Facebook,Post about TSLA stock,-0.55,AMZN,475.07,3.25
2023-08-04,Reddit,Post about TSLA stock,-0.97,MSFT,1286.19,1.22
2023-12-17,Twitter,Post about GOOG stock,-0.37,MSFT,1438.74,-0.87
2023-09-22,Twitter,Post about TSLA stock,-0.92,AMZN,888.98,-1.53
2023-12-07,Twitter,Post about TSLA stock,-0.47,AAPL,458.18,3.37
2023-08-22,Twitter,Post about AAPL stock,0.42,AAPL,760.56,-1.59
2023-07-29,Facebook,Post about AAPL stock,0.86,GOOG,318.8,-3.83
2023-08-27,Facebook,Post about MSFT stock,-0.97,AAPL,364.18,-1.85
2023-06-21,Reddit,Post about GOOG stock,-0.47,AAPL,837.46,-4.73
2023-06-13,Reddit,Post about AAPL stock,0.77,MSFT,548.92,-4.77
2023-05-04,Reddit,Post about AMZN stock,-0.76,AAPL,827.85,1.21
2023-08-02,Facebook,Post about TSLA stock,0.44,GOOG,904.01,1.25
2023-01-15,Reddit,Post about GOOG stock,0.07,AAPL,313.14,3.75
2023-09-15,Twitter,Post about MSFT stock,0.48,GOOG,1458.46,-0.92
2023-07-29,Facebook,Post about AMZN stock,-0.62,AAPL,1238.74,-1.24
2023-02-14,Twitter,Post about TSLA stock,0.05,GOOG,580.99,2.07
2023-09-21,Reddit,Post about AAPL stock,0.96,AAPL,331.93,0.22
2023-04-07,Twitter,Post about MSFT stock,0.2,TSLA,1146.84,-3.63
2023-11-26,Twitter,Post about MSFT stock,-0.91,AMZN,296.08,3.3
2023-11-08,Facebook,Post about GOOG stock,-0.04,GOOG,566.93,4.86
2023-12-01,Reddit,Post about TSLA stock,-0.15,GOOG,882.91,4.58
2023-09-02,Facebook,Post about MSFT stock,0.21,AAPL,613.4,-0.49
2023-01-25,Facebook,Post about GOOG stock,0.4,TSLA,1314.59,-4.64
2023-11-16,Twitter,Post about AAPL stock,0.73,AAPL,590.84,-0.07
2023-04-09,Reddit,Post about MSFT stock,0.18,GOOG,261.84,-4.37
2023-02-28,Reddit,Post about MSFT stock,-0.22,TSLA,654.92,4.57
2023-08-24,Reddit,Post about GOOG stock,0.71,AMZN,1363.76,3.6
2023-10-31,Reddit,Post about AAPL stock,0.95,TSLA,580.94,-2.53
2023-11-07,Twitter,Post about AMZN stock,-0.0,GOOG,1481.22,4.23
2023-01-03,Facebook,Post about AMZN stock,-0.47,AMZN,1423.94,-1.57
2023-12-18,Facebook,Post about AMZN stock,0.36,AAPL,715.37,-3.29
2023-09-12,Twitter,Post about GOOG stock,-0.96,TSLA,626.75,2.73
2023-04-03,Facebook,Post about MSFT stock,0.75,GOOG,453.25,-4.59
2023-07-14,Twitter,Post about TSLA stock,0.48,AAPL,1181.6,-1.69
2023-09-16,Twitter,Post about TSLA stock,-0.11,GOOG,413.32,3.98
2023-10-01,Twitter,Post about MSFT stock,0.18,AMZN,551.02,-0.81
2023-07-25,Reddit,Post about AAPL stock,0.16,AAPL,883.17,-0.94
2023-12-27,Facebook,Post about GOOG stock,0.36,TSLA,1127.53,-1.29
2023-05-18,Facebook,Post about AMZN stock,0.84,AAPL,408.87,4.25
2023-05-20,Reddit,Post about MSFT stock,-0.91,TSLA,1275.35,1.78
2023-10-07,Twitter,Post about MSFT stock,-0.25,AAPL,726.45,1.87
2023-08-29,Reddit,Post about TSLA stock,-0.64,TSLA,348.44,-4.14
2023-05-18,Twitter,Post about MSFT stock,-0.26,MSFT,1249.51,3.71
2023-11-15,Facebook,Post about AAPL stock,0.17,MSFT,1232.87,-2.02
2023-05-02,Reddit,Post about MSFT stock,-0.35,GOOG,1285.45,0.45
2023-12-27,Facebook,Post about AMZN stock,-0.5,AAPL,200.19,-1.87
2023-08-13,Reddit,Post about GOOG stock,-0.86,TSLA,817.62,0.64
2023-11-20,Facebook,Post about MSFT stock,0.19,GOOG,773.68,-3.1
2023-05-22,Facebook,Post about MSFT stock,-0.7,AAPL,1362.86,1.1
2023-03-31,Twitter,Post about MSFT stock,0.64,TSLA,1082.13,0.87
2023-07-04,Twitter,Post about TSLA stock,-0.33,AAPL,1085.51,2.26
2023-02-20,Twitter,Post about GOOG stock,0.99,AAPL,717.3,-3.75
2023-07-07,Twitter,Post about AMZN stock,0.94,MSFT,592.67,1.08
2023-01-28,Reddit,Post about AMZN stock,0.54,MSFT,593.06,-4.41
2023-11-18,Facebook,Post about TSLA stock,0.08,AMZN,210.61,3.7
2023-03-14,Reddit,Post about AMZN stock,0.8,AMZN,1416.19,0.51
2023-09-11,Facebook,Post about TSLA stock,-0.49,AMZN,374.92,-1.85
2023-04-04,Twitter,Post about MSFT stock,0.7,AMZN,533.02,0.65
2023-01-20,Facebook,Post about AMZN stock,-0.49,TSLA,1255.47,-2.8
2023-04-03,Twitter,Post about GOOG stock,-0.31,MSFT,672.97,-1.11
2023-06-17,Facebook,Post about GOOG stock,-0.62,MSFT,125.77,2.3
2023-03-30,Facebook,Post about AAPL stock,0.48,MSFT,1124.98,-2.0
2023-08-08,Twitter,Post about AMZN stock,-0.26,TSLA,1032.01,-1.02
2023-10-30,Twitter,Post about AMZN stock,-0.08,AAPL,1269.98,4.76
2023-08-14,Twitter,Post about GOOG stock,-0.36,AMZN,398.52,1.39
2023-08-15,Reddit,Post about GOOG stock,0.89,TSLA,220.32,-1.11
2023-03-13,Reddit,Post about AMZN stock,0.42,GOOG,1430.1,1.62
2023-02-02,Reddit,Post about MSFT stock,0.69,AAPL,1283.0,-0.94
2023-05-27,Twitter,Post about TSLA stock,-0.32,MSFT,108.53,3.81
2023-04-09,Reddit,Post about MSFT stock,0.71,GOOG,654.08,2.2
2023-02-05,Facebook,Post about AMZN stock,-0.88,AAPL,983.07,0.51
2023-10-02,Facebook,Post about AAPL stock,-0.33,MSFT,1141.17,-4.77
2023-07-01,Reddit,Post about TSLA stock,0.3,GOOG,750.66,1.93
2023-02-05,Facebook,Post about AAPL stock,0.95,AMZN,1311.0,-0.18
2023-10-29,Reddit,Post about AMZN stock,-0.04,AMZN,158.72,3.14
2023-12-04,Reddit,Post about MSFT stock,0.46,MSFT,474.35,2.67
2023-04-22,Reddit,Post about AMZN stock,-0.99,AAPL,136.3,-2.66
2023-07-15,Facebook,Post about TSLA stock,0.28,MSFT,694.24,-1.53
2023-03-13,Facebook,Post about AMZN stock,-0.78,AAPL,688.5,-2.42
2023-02-14,Reddit,Post about TSLA stock,-0.42,AAPL,669.49,4.31
2023-09-29,Facebook,Post about AMZN stock,-0.13,GOOG,362.22,3.65
2023-11-09,Facebook,Post about GOOG stock,-0.53,TSLA,159.54,4.2
2023-12-03,Twitter,Post about MSFT stock,-0.27,MSFT,886.14,4.03
2023-06-12,Twitter,Post about AMZN stock,0.51,AMZN,752.51,-3.82
2023-09-26,Reddit,Post about TSLA stock,0.87,MSFT,937.96,2.26
2023-10-07,Reddit,Post about GOOG stock,0.93,TSLA,1223.01,0.86
2023-07-23,Twitter,Post about GOOG stock,-0.87,TSLA,1043.37,-3.1
2023-08-18,Twitter,Post about AMZN stock,-0.62,AAPL,664.49,-3.21
2023-12-13,Reddit,Post about AAPL stock,-0.35,AMZN,1000.11,-2.55
2023-04-08,Twitter,Post about GOOG stock,0.8,GOOG,1045.9,-4.71
2023-02-26,Reddit,Post about GOOG stock,0.59,GOOG,182.4,1.69
2023-03-29,Twitter,Post about GOOG stock,-0.42,AAPL,442.89,4.71
2023-07-06,Twitter,Post about TSLA stock,-0.17,MSFT,1260.02,1.43
2023-06-16,Reddit,Post about AAPL stock,0.02,GOOG,302.54,-3.96
2023-03-03,Twitter,Post about TSLA stock,-0.15,GOOG,141.7,-4.66
2023-11-18,Facebook,Post about MSFT stock,0.29,TSLA,413.62,-2.06
2023-11-30,Twitter,Post about AMZN stock,-0.12,GOOG,1158.71,3.44
2023-09-20,Reddit,Post about GOOG stock,-0.64,AAPL,1020.3,4.44
2023-11-19,Twitter,Post about AAPL stock,-0.4,AMZN,591.68,-3.0
2023-09-08,Twitter,Post about GOOG stock,-0.63,GOOG,370.78,-2.66
2023-10-29,Reddit,Post about AMZN stock,0.97,MSFT,156.28,-1.92
2023-10-19,Facebook,Post about MSFT stock,-0.72,MSFT,824.35,-0.24
2023-07-14,Reddit,Post about MSFT stock,0.26,TSLA,1051.06,2.9
2023-01-19,Twitter,Post about AMZN stock,0.13,AMZN,1296.51,1.98
2023-05-23,Twitter,Post about AMZN stock,-0.69,GOOG,1222.53,0.3
2023-09-21,Twitter,Post about AMZN stock,0.84,AMZN,1028.01,3.15
2023-09-16,Twitter,Post about AAPL stock,0.4,AAPL,801.81,-0.75
2023-01-29,Reddit,Post about AMZN stock,-0.1,AMZN,159.25,-1.01
2023-11-21,Reddit,Post about AAPL stock,-0.51,AAPL,1122.13,3.33
2023-11-13,Twitter,Post about AMZN stock,0.44,AAPL,1470.48,-0.46
2023-05-01,Reddit,Post about TSLA stock,-0.79,AMZN,368.15,-4.68
2023-09-21,Reddit,Post about GOOG stock,0.34,TSLA,476.61,3.99
2023-03-03,Facebook,Post about GOOG stock,0.5,TSLA,191.91,2.98
2023-09-27,Facebook,Post about GOOG stock,-0.73,AAPL,982.08,-2.42
2023-11-20,Facebook,Post about GOOG stock,0.51,AMZN,1195.37,2.79
2023-09-11,Facebook,Post about TSLA stock,0.69,AMZN,818.03,1.25
2023-04-22,Twitter,Post about AAPL stock,-0.25,MSFT,1310.67,2.28
2023-03-10,Facebook,Post about MSFT stock,0.33,GOOG,924.16,-4.65
2023-04-21,Twitter,Post about TSLA stock,-0.62,AAPL,1171.16,-2.17
2023-02-26,Reddit,Post about GOOG stock,-0.53,AAPL,491.69,-4.86
2023-07-04,Reddit,Post about TSLA stock,-0.15,AMZN,1427.97,0.6
2023-06-14,Facebook,Post about MSFT stock,-0.95,AAPL,999.03,0.68
2023-12-07,Reddit,Post about MSFT stock,-0.34,AMZN,670.79,2.9
2023-12-17,Facebook,Post about MSFT stock,-0.01,MSFT,681.39,2.67
2023-06-24,Reddit,Post about AMZN stock,0.5,AMZN,1407.32,0.31
2023-03-29,Twitter,Post about MSFT stock,0.4,TSLA,440.31,-0.15
2023-04-22,Twitter,Post about TSLA stock,0.74,AAPL,1293.3,-2.73
2023-01-16,Reddit,Post about GOOG stock,-0.61,AMZN,947.58,-3.39
2023-03-19,Twitter,Post about TSLA stock,-0.88,AAPL,790.47,3.63
2023-11-25,Twitter,Post about AMZN stock,-0.4,TSLA,1000.27,2.73
2023-02-23,Reddit,Post about MSFT stock,-0.3,MSFT,971.33,-3.47
2023-04-03,Facebook,Post about GOOG stock,0.58,GOOG,637.92,-2.37
2023-02-02,Twitter,Post about GOOG stock,-0.13,TSLA,644.49,-2.5
2023-02-10,Facebook,Post about MSFT stock,0.67,AAPL,972.71,-2.73
2023-08-28,Facebook,Post about AMZN stock,-0.61,AAPL,1184.2,1.55
2023-03-23,Reddit,Post about GOOG stock,0.77,GOOG,1450.9,-0.89
2023-06-28,Reddit,Post about AAPL stock,0.41,TSLA,844.96,1.08
2023-08-21,Reddit,Post about MSFT stock,0.99,GOOG,1482.2,-3.6
2023-02-04,Reddit,Post about TSLA stock,-0.39,MSFT,1431.51,-1.81
2023-04-11,Twitter,Post about AAPL stock,-0.91,MSFT,908.3,0.39
2023-03-20,Twitter,Post about AAPL stock,0.4,AMZN,975.44,-1.64
2023-08-05,Twitter,Post about AMZN stock,-0.98,MSFT,335.12,1.86
2023-02-23,Facebook,Post about AAPL stock,-0.67,MSFT,1268.56,1.81
2023-01-24,Twitter,Post about GOOG stock,0.29,TSLA,1187.95,-4.26
2023-01-08,Twitter,Post about GOOG stock,-0.76,TSLA,927.6,3.41
2023-12-18,Reddit,Post about TSLA stock,-0.0,MSFT,381.38,-2.27
2023-11-06,Facebook,Post about AAPL stock,-0.69,AMZN,326.93,2.58
2023-09-17,Twitter,Post about AMZN stock,-0.2,TSLA,1220.68,3.85
2023-08-14,Reddit,Post about GOOG stock,-0.26,TSLA,274.34,-0.74
2023-04-15,Facebook,Post about AMZN stock,0.8,GOOG,819.76,3.08
2023-12-11,Reddit,Post about AMZN stock,0.67,MSFT,695.7,1.36
2023-09-06,Facebook,Post about AMZN stock,-0.08,AAPL,811.52,-4.06
2023-06-06,Facebook,Post about GOOG stock,0.25,AMZN,170.33,-2.3
2023-08-23,Twitter,Post about AMZN stock,-0.75,GOOG,173.48,2.18
2023-05-10,Facebook,Post about TSLA stock,-0.45,MSFT,1121.92,-2.54
2023-05-09,Twitter,Post about GOOG stock,0.73,MSFT,529.69,0.44
2023-12-23,Reddit,Post about MSFT stock,0.44,AMZN,675.04,-4.64
2023-12-19,Facebook,Post about AAPL stock,-0.54,AAPL,582.14,2.47
2023-07-20,Facebook,Post about MSFT stock,-0.71,AMZN,707.49,2.73
2023-01-20,Reddit,Post about TSLA stock,0.91,AAPL,736.26,-4.8
2023-03-11,Facebook,Post about AAPL stock,0.54,AMZN,186.67,4.42
2023-09-20,Reddit,Post about MSFT stock,0.6,AAPL,333.06,-2.33
2023-06-11,Facebook,Post about GOOG stock,0.02,MSFT,1311.26,-0.51
2023-05-27,Twitter,Post about MSFT stock,0.49,TSLA,760.43,-2.69
2023-06-30,Twitter,Post about AMZN stock,-0.8,AMZN,595.39,-3.73
2023-07-25,Twitter,Post about AAPL stock,-0.7,AMZN,1280.73,1.65
2023-04-27,Twitter,Post about AAPL stock,-0.35,AMZN,998.77,-0.85
2023-11-20,Twitter,Post about MSFT stock,0.07,AAPL,1050.23,3.62
2023-12-13,Reddit,Post about GOOG stock,-0.12,AAPL,307.58,-0.75
2023-05-28,Reddit,Post about TSLA stock,0.77,AAPL,1473.4,-0.82
2023-12-19,Reddit,Post about AAPL stock,0.08,TSLA,1219.89,-2.51
2023-12-08,Twitter,Post about AAPL stock,-0.05,MSFT,781.5,1.69
2023-09-11,Reddit,Post about GOOG stock,-0.64,GOOG,1130.38,-4.08
2023-06-19,Twitter,Post about MSFT stock,0.34,GOOG,891.53,0.64
2023-04-10,Reddit,Post about AMZN stock,-0.8,MSFT,1034.03,-4.37
2023-03-23,Facebook,Post about MSFT stock,-0.17,AAPL,502.88,0.5
2023-03-29,Twitter,Post about MSFT stock,-0.61,AMZN,1381.4,-4.56
2023-05-06,Facebook,Post about MSFT stock,0.9,AMZN,147.73,-4.42
2023-08-23,Facebook,Post about MSFT stock,-0.07,AAPL,1237.19,-4.77
2023-07-08,Twitter,Post about AAPL stock,-0.33,AMZN,900.92,-4.71
2023-05-18,Twitter,Post about AMZN stock,-0.23,AMZN,1267.34,0.5
2023-08-27,Facebook,Post about GOOG stock,-0.12,AAPL,1288.4,2.74
2023-05-09,Reddit,Post about GOOG stock,-0.4,AMZN,201.74,-3.0
2023-01-06,Reddit,Post about MSFT stock,-0.26,TSLA,1353.17,3.61
2023-12-12,Twitter,Post about TSLA stock,0.83,TSLA,993.95,1.18
2023-11-02,Reddit,Post about AAPL stock,-0.69,GOOG,507.72,-0.4
2023-06-11,Reddit,Post about MSFT stock,-0.41,GOOG,1415.42,3.25
2023-11-22,Reddit,Post about GOOG stock,0.92,AAPL,871.63,-1.66
2023-03-31,Facebook,Post about AMZN stock,-0.93,AAPL,142.62,-4.0
2023-04-07,Reddit,Post about MSFT stock,-0.95,GOOG,1292.6,-3.53
2023-02-01,Twitter,Post about TSLA stock,-0.75,AAPL,411.7,0.8
2023-07-12,Reddit,Post about GOOG stock,-0.61,AMZN,953.37,1.56
2023-03-30,Reddit,Post about MSFT stock,0.95,TSLA,1374.05,3.87
2023-05-20,Twitter,Post about MSFT stock,-0.97,AMZN,1154.79,-2.62
2023-01-21,Reddit,Post about GOOG stock,-0.15,AMZN,834.8,3.68
2023-06-26,Reddit,Post about TSLA stock,-0.59,AMZN,837.75,-3.42
2023-05-19,Reddit,Post about MSFT stock,-0.5,MSFT,1133.18,-1.05
2023-11-07,Facebook,Post about TSLA stock,0.7,AAPL,950.19,-2.8
2023-09-12,Facebook,Post about AAPL stock,0.75,GOOG,893.88,-0.78
2023-03-20,Twitter,Post about AAPL stock,0.02,MSFT,177.95,3.82
2023-08-20,Twitter,Post about AMZN stock,0.58,AMZN,949.0,-2.49
2023-02-11,Reddit,Post about AMZN stock,-0.57,GOOG,1182.87,-1.42
2023-01-15,Twitter,Post about AMZN stock,-0.96,TSLA,907.2,4.44
2023-04-27,Reddit,Post about AAPL stock,-0.35,AMZN,100.76,3.16
2023-06-06,Reddit,Post about AMZN stock,-0.01,GOOG,1410.8,-1.62
2023-06-17,Twitter,Post about TSLA stock,0.01,TSLA,1211.77,3.6
2023-08-07,Facebook,Post about MSFT stock,-0.5,TSLA,938.36,2.73
2023-09-07,Twitter,Post about MSFT stock,0.62,GOOG,1303.44,-3.49
2023-10-07,Twitter,Post about AAPL stock,0.29,AMZN,1274.8,-1.27
2023-11-21,Reddit,Post about MSFT stock,0.83,AMZN,640.07,-4.85
2023-04-17,Reddit,Post about TSLA stock,-0.56,GOOG,1039.97,4.72
2023-04-01,Reddit,Post about AMZN stock,-0.66,TSLA,544.86,4.81
2023-12-07,Reddit,Post about TSLA stock,-0.13,MSFT,819.62,-1.44
2023-11-29,Twitter,Post about AMZN stock,-0.51,GOOG,598.05,1.02
2023-09-26,Twitter,Post about TSLA stock,-0.64,TSLA,247.61,4.85
2023-02-28,Twitter,Post about MSFT stock,-0.91,AAPL,1148.09,-1.39
2023-04-02,Twitter,Post about AAPL stock,0.49,AMZN,706.58,-4.41
2023-04-02,Reddit,Post about GOOG stock,-0.37,MSFT,673.72,-3.05
2023-09-09,Facebook,Post about MSFT stock,-0.91,MSFT,448.93,3.35
2023-07-23,Reddit,Post about AMZN stock,-0.94,MSFT,763.14,-0.22
2023-11-05,Reddit,Post about AMZN stock,0.28,MSFT,722.94,-3.87
2023-07-16,Facebook,Post about TSLA stock,0.33,AMZN,469.03,-1.04
2023-07-11,Facebook,Post about GOOG stock,-0.05,MSFT,1197.57,2.49
2023-12-22,Facebook,Post about MSFT stock,0.24,AAPL,1209.51,-4.8
2023-02-21,Twitter,Post about TSLA stock,-0.41,GOOG,1178.58,-2.35
2023-01-27,Facebook,Post about TSLA stock,0.24,AMZN,639.84,-2.48
2023-06-26,Twitter,Post about AMZN stock,-0.67,MSFT,505.53,2.24
2023-02-19,Reddit,Post about AAPL stock,0.78,MSFT,655.57,1.3
2023-03-26,Twitter,Post about TSLA stock,-0.27,AAPL,708.48,1.7
2023-07-14,Reddit,Post about AAPL stock,0.65,AMZN,1348.69,-3.21
2023-12-09,Facebook,Post about AMZN stock,-0.88,AMZN,1321.0,3.68
2023-02-28,Facebook,Post about AMZN stock,-0.69,GOOG,1185.59,3.14
2023-04-09,Reddit,Post about AMZN stock,0.61,AMZN,1201.63,-3.89
2023-03-23,Facebook,Post about GOOG stock,0.54,AMZN,736.97,1.2
2023-01-20,Facebook,Post about TSLA stock,-0.0,AMZN,1291.29,1.34
2023-12-08,Twitter,Post about TSLA stock,-0.53,GOOG,993.9,0.37
2023-04-06,Facebook,Post about MSFT stock,0.65,MSFT,1076.25,3.12
2023-05-10,Twitter,Post about AAPL stock,0.86,MSFT,399.23,0.47
2023-01-23,Reddit,Post about AAPL stock,0.92,TSLA,338.78,-4.77
2023-12-03,Twitter,Post about GOOG stock,0.92,AAPL,459.34,-2.44
2023-02-06,Twitter,Post about MSFT stock,0.11,AAPL,1374.73,0.81
2023-03-01,Facebook,Post about AMZN stock,-0.51,AMZN,443.97,-0.93
2023-12-24,Twitter,Post about TSLA stock,0.85,AAPL,186.61,3.5
2023-01-09,Facebook,Post about AMZN stock,0.25,TSLA,928.44,0.77
2023-02-10,Facebook,Post about MSFT stock,-0.13,TSLA,864.18,-3.16
2023-06-21,Twitter,Post about GOOG stock,-0.41,GOOG,1377.07,-3.83
2023-11-09,Twitter,Post about TSLA stock,0.37,GOOG,1090.45,4.13
2023-06-29,Facebook,Post about GOOG stock,-0.09,TSLA,823.3,-2.27
2023-09-13,Twitter,Post about MSFT stock,0.29,MSFT,437.6,2.83
2023-03-08,Facebook,Post about GOOG stock,-0.77,AMZN,447.18,-2.89
2023-10-30,Reddit,Post about GOOG stock,0.85,MSFT,867.14,1.45
2023-01-06,Reddit,Post about MSFT stock,-0.57,MSFT,112.57,2.92
2023-05-11,Reddit,Post about GOOG stock,-0.24,AAPL,840.16,1.6
2023-01-29,Twitter,Post about MSFT stock,0.04,GOOG,796.91,-4.74
2023-12-22,Reddit,Post about AMZN stock,0.92,GOOG,1101.84,-1.84
2023-08-29,Twitter,Post about AAPL stock,0.23,MSFT,947.1,0.95
2023-11-17,Twitter,Post about TSLA stock,0.56,MSFT,1495.22,-1.97
2023-10-22,Reddit,Post about GOOG stock,-0.54,TSLA,930.42,4.37
2023-08-07,Facebook,Post about AMZN stock,0.58,TSLA,447.24,1.83
2023-05-20,Facebook,Post about AAPL stock,0.55,AMZN,1092.15,-0.97
2023-12-16,Twitter,Post about MSFT stock,0.58,GOOG,717.94,3.22
2023-06-29,Twitter,Post about GOOG stock,0.58,AAPL,409.16,-0.41
2023-01-18,Twitter,Post about GOOG stock,0.02,AAPL,328.2,-4.12
2023-10-10,Facebook,Post about GOOG stock,-0.83,MSFT,141.3,3.26
2023-12-27,Reddit,Post about AAPL stock,-0.44,AAPL,1098.77,-2.11
2023-02-20,Twitter,Post about GOOG stock,0.82,AAPL,273.41,0.16
2023-01-01,Facebook,Post about AMZN stock,-0.45,AMZN,189.17,-1.87
2023-02-08,Twitter,Post about TSLA stock,0.73,AAPL,144.18,-3.13
2023-05-11,Reddit,Post about AMZN stock,0.67,AAPL,1091.56,2.84
2023-01-29,Twitter,Post about GOOG stock,-0.93,AMZN,1096.36,-3.86
2023-03-02,Facebook,Post about AAPL stock,-0.16,AMZN,1209.55,4.58
2023-06-18,Twitter,Post about TSLA stock,0.78,GOOG,1245.36,3.38
2023-11-28,Twitter,Post about GOOG stock,0.56,AMZN,253.96,-0.83
2023-07-29,Facebook,Post about AMZN stock,0.34,AMZN,472.42,2.19
2023-11-20,Facebook,Post about TSLA stock,-0.47,AMZN,441.03,3.95
2023-01-21,Twitter,Post about AMZN stock,0.94,AMZN,1333.75,2.48
2023-11-30,Facebook,Post about AAPL stock,0.51,TSLA,644.73,4.54
2023-03-11,Facebook,Post about GOOG stock,-0.1,AMZN,1154.0,0.18
2023-09-10,Reddit,Post about GOOG stock,-0.59,AMZN,1054.28,-1.09
2023-10-27,Facebook,Post about GOOG stock,-0.22,AMZN,655.93,1.23
2023-09-23,Twitter,Post about AAPL stock,0.22,GOOG,880.29,4.72
2023-06-26,Reddit,Post about AMZN stock,-0.88,GOOG,527.02,-1.53
2023-11-24,Twitter,Post about AAPL stock,-0.62,MSFT,167.07,2.51
2023-08-01,Twitter,Post about MSFT stock,-0.18,TSLA,1214.23,2.92
2023-07-02,Twitter,Post about GOOG stock,0.47,GOOG,255.37,-0.36
2023-03-07,Twitter,Post about MSFT stock,0.41,MSFT,1180.23,0.61
2023-02-10,Twitter,Post about TSLA stock,0.04,GOOG,475.92,-0.98
2023-05-14,Twitter,Post about TSLA stock,-0.8,MSFT,797.75,2.17
2023-03-11,Twitter,Post about MSFT stock,0.7,MSFT,1116.66,-2.55
2023-11-03,Twitter,Post about AAPL stock,0.18,TSLA,1483.66,-1.49
2023-05-09,Reddit,Post about TSLA stock,-0.89,AMZN,1024.1,-4.61
2023-02-14,Twitter,Post about MSFT stock,0.22,AMZN,650.98,-0.76
2023-04-21,Twitter,Post about MSFT stock,0.77,GOOG,362.44,2.82
2023-10-13,Reddit,Post about AAPL stock,0.06,MSFT,1176.98,2.71
2023-02-22,Reddit,Post about AAPL stock,0.59,AAPL,1101.29,1.95
2023-05-20,Twitter,Post about AMZN stock,-0.17,AMZN,1295.17,0.17
2023-03-22,Reddit,Post about AMZN stock,-0.65,MSFT,320.74,-0.17
2023-06-27,Reddit,Post about AAPL stock,-0.83,AMZN,229.84,-3.12
2023-09-22,Facebook,Post about TSLA stock,-0.74,TSLA,1307.16,0.88
2023-10-10,Facebook,Post about AAPL stock,0.86,TSLA,1015.54,-1.78
2023-11-04,Facebook,Post about MSFT stock,0.97,AAPL,1259.91,2.2
2023-03-03,Facebook,Post about GOOG stock,0.31,AMZN,768.8,-3.1
2023-05-05,Facebook,Post about AMZN stock,-0.73,TSLA,588.55,-4.93
2023-01-23,Reddit,Post about TSLA stock,0.44,AMZN,519.06,1.84
2023-06-06,Twitter,Post about TSLA stock,0.06,MSFT,182.01,-3.83
2023-10-29,Twitter,Post about AMZN stock,0.99,TSLA,184.82,-4.39
2023-08-03,Facebook,Post about AAPL stock,-0.22,TSLA,1403.92,2.32
2023-03-03,Facebook,Post about AAPL stock,-0.46,AMZN,354.51,4.89
2023-10-31,Reddit,Post about TSLA stock,-0.74,MSFT,296.91,1.31
2023-12-26,Facebook,Post about TSLA stock,-0.3,AMZN,1308.03,1.96
2023-06-12,Reddit,Post about AMZN stock,-0.04,MSFT,1430.65,3.82
2023-01-23,Facebook,Post about GOOG stock,-0.6,TSLA,637.99,-2.44
2023-03-16,Twitter,Post about GOOG stock,-0.86,AMZN,880.17,-1.76
2023-05-01,Twitter,Post about MSFT stock,0.25,TSLA,898.53,-1.52
2023-03-04,Twitter,Post about AAPL stock,0.18,GOOG,1290.44,-4.02
2023-02-11,Reddit,Post about TSLA stock,0.32,MSFT,1094.45,0.69
2023-06-15,Facebook,Post about TSLA stock,1.0,GOOG,196.2,-0.31
2023-05-30,Twitter,Post about AMZN stock,-0.21,AMZN,1196.19,-0.12
2023-02-27,Twitter,Post about MSFT stock,0.77,AMZN,285.72,2.54
2023-08-03,Reddit,Post about AMZN stock,-0.24,TSLA,167.12,-0.66
2023-05-17,Reddit,Post about AAPL stock,-0.76,AMZN,738.11,1.12
2023-07-29,Twitter,Post about AMZN stock,-0.15,AAPL,216.73,1.61
2023-12-09,Reddit,Post about AAPL stock,0.87,AAPL,789.54,-1.15
2023-08-15,Facebook,Post about AAPL stock,-0.91,MSFT,821.52,0.45
2023-05-13,Twitter,Post about AAPL stock,0.99,AAPL,132.19,-4.94
2023-03-12,Twitter,Post about GOOG stock,0.01,AAPL,1386.72,0.25
2023-09-13,Reddit,Post about AMZN stock,0.1,GOOG,928.0,-0.56
2023-07-11,Facebook,Post about TSLA stock,-0.24,AAPL,1171.28,0.24
2023-03-22,Facebook,Post about AAPL stock,-0.22,MSFT,344.47,-1.68
2023-05-02,Reddit,Post about AAPL stock,-0.77,AMZN,355.79,-0.21
2023-12-08,Reddit,Post about TSLA stock,-0.01,TSLA,1281.14,-0.47
2023-07-13,Twitter,Post about AMZN stock,0.44,AAPL,386.88,0.71
2023-06-03,Twitter,Post about GOOG stock,0.09,AAPL,1373.36,0.38
2023-04-16,Twitter,Post about AAPL stock,-0.42,MSFT,382.92,2.55
2023-04-27,Facebook,Post about MSFT stock,0.85,AAPL,516.03,3.24
2023-05-14,Reddit,Post about AAPL stock,-0.77,MSFT,1140.64,-4.77
2023-05-27,Facebook,Post about AMZN stock,-0.27,AAPL,1274.81,0.76
2023-10-30,Twitter,Post about GOOG stock,-0.2,MSFT,1452.55,-4.62
2023-12-06,Twitter,Post about TSLA stock,-0.84,AMZN,724.36,-3.32
2023-12-26,Reddit,Post about TSLA stock,0.7,MSFT,1024.35,3.88
2023-04-11,Facebook,Post about GOOG stock,-0.24,TSLA,206.05,-1.17
2023-03-23,Reddit,Post about GOOG stock,0.67,AMZN,1455.27,0.67
2023-11-26,Reddit,Post about TSLA stock,0.65,GOOG,1300.74,1.14
2023-01-16,Reddit,Post about AAPL stock,0.89,GOOG,1007.54,-3.82
2023-12-04,Facebook,Post about AAPL stock,-0.4,AMZN,347.19,-2.57
2023-10-19,Reddit,Post about GOOG stock,0.62,TSLA,623.66,3.63
2023-09-09,Twitter,Post about GOOG stock,0.51,AMZN,1217.19,1.09
2023-05-25,Reddit,Post about GOOG stock,0.99,AAPL,1471.09,4.12
2023-08-17,Facebook,Post about AAPL stock,-0.7,MSFT,760.49,-1.87
2023-07-10,Facebook,Post about AMZN stock,-0.83,GOOG,325.82,3.53
2023-04-20,Reddit,Post about AAPL stock,-0.49,AAPL,1087.23,4.23
2023-11-14,Twitter,Post about AMZN stock,0.65,MSFT,1082.83,-0.11
2023-08-07,Reddit,Post about TSLA stock,-0.14,GOOG,1106.24,4.35
2023-12-11,Reddit,Post about AMZN stock,-0.28,TSLA,528.89,-3.82
2023-06-13,Facebook,Post about TSLA stock,0.59,TSLA,346.07,2.84
2023-02-11,Twitter,Post about GOOG stock,0.18,AMZN,749.01,-2.97
2023-12-17,Facebook,Post about GOOG stock,0.6,AMZN,327.07,-0.21
2023-10-09,Facebook,Post about MSFT stock,-0.96,AMZN,1026.34,2.49
2023-03-30,Facebook,Post about MSFT stock,0.16,MSFT,1484.29,3.42
2023-10-10,Facebook,Post about GOOG stock,-0.95,AMZN,1469.75,-1.79
2023-12-22,Reddit,Post about AMZN stock,0.94,AAPL,1284.96,-2.37
2023-05-07,Reddit,Post about AAPL stock,-0.99,AMZN,904.0,-2.94
2023-09-14,Facebook,Post about AAPL stock,-0.37,AMZN,1456.09,-0.14
2023-03-02,Facebook,Post about AAPL stock,0.94,AMZN,1079.03,-4.6
2023-01-29,Facebook,Post about GOOG stock,-0.6,GOOG,614.98,-2.57
2023-01-06,Reddit,Post about AMZN stock,0.51,GOOG,1336.77,3.53
2023-03-10,Facebook,Post about GOOG stock,-0.02,AAPL,639.61,4.88
2023-12-27,Facebook,Post about MSFT stock,0.61,GOOG,114.0,1.23
2023-06-03,Facebook,Post about TSLA stock,0.41,AMZN,558.69,-1.74
2023-07-05,Facebook,Post about TSLA stock,0.43,MSFT,598.05,-4.65
2023-04-16,Facebook,Post about AMZN stock,0.77,TSLA,682.2,0.58
2023-05-16,Facebook,Post about GOOG stock,-0.93,GOOG,986.02,0.34
2023-03-20,Twitter,Post about GOOG stock,-0.33,GOOG,762.84,-4.56
2023-01-11,Twitter,Post about TSLA stock,0.6,AAPL,284.93,-3.16
2023-11-19,Facebook,Post about AAPL stock,-0.93,AAPL,330.24,1.4
2023-03-20,Facebook,Post about AMZN stock,0.38,GOOG,497.63,1.6
2023-11-23,Twitter,Post about AAPL stock,0.34,AMZN,915.64,-0.07
2023-10-29,Twitter,Post about AAPL stock,0.69,MSFT,913.39,3.55
2023-02-15,Twitter,Post about AMZN stock,0.83,TSLA,1077.99,3.31
2023-12-07,Facebook,Post about AAPL stock,0.5,MSFT,435.77,-4.14
2023-02-08,Reddit,Post about GOOG stock,-0.77,MSFT,1443.55,-1.23
2023-07-06,Facebook,Post about GOOG stock,-0.41,MSFT,1465.53,2.63
2023-09-06,Twitter,Post about AAPL stock,-0.77,GOOG,705.51,4.42
2023-02-06,Reddit,Post about MSFT stock,0.84,TSLA,924.27,-2.39
2023-09-06,Facebook,Post about GOOG stock,-0.65,AMZN,332.59,-3.92
2023-11-20,Facebook,Post about AMZN stock,-0.31,MSFT,966.44,0.68
2023-11-20,Twitter,Post about AAPL stock,0.53,MSFT,504.48,-2.14
2023-10-01,Reddit,Post about AAPL stock,-0.27,AAPL,443.14,-1.14
2023-05-02,Reddit,Post about TSLA stock,0.62,TSLA,505.28,3.6
2023-03-21,Twitter,Post about AMZN stock,-0.46,MSFT,1243.89,-2.13
2023-01-06,Twitter,Post about AMZN stock,-0.29,MSFT,810.49,-0.04
2023-12-05,Facebook,Post about MSFT stock,-0.21,GOOG,457.41,-0.38
2023-04-16,Reddit,Post about AMZN stock,0.28,AMZN,570.35,0.8
2023-09-15,Reddit,Post about AAPL stock,0.74,MSFT,141.3,-4.08
2023-03-20,Reddit,Post about MSFT stock,-0.32,GOOG,728.56,-3.7
2023-06-20,Twitter,Post about AAPL stock,0.02,AMZN,234.84,4.26
2023-10-15,Reddit,Post about AAPL stock,-0.83,GOOG,1362.75,-4.32
2023-09-09,Twitter,Post about MSFT stock,0.24,GOOG,1133.23,0.16
2023-05-25,Facebook,Post about GOOG stock,-0.72,MSFT,1389.72,-4.46
2023-09-16,Reddit,Post about MSFT stock,0.42,AAPL,1212.87,-0.8
2023-05-15,Reddit,Post about AMZN stock,0.49,MSFT,1322.8,1.21
2023-12-23,Twitter,Post about GOOG stock,-0.67,AAPL,441.34,4.5
2023-02-13,Reddit,Post about MSFT stock,0.11,MSFT,182.36,3.56
2023-02-17,Reddit,Post about AAPL stock,0.37,AMZN,732.42,-1.22
2023-05-22,Facebook,Post about GOOG stock,0.43,MSFT,1265.21,-2.77
2023-04-18,Twitter,Post about GOOG stock,-0.58,MSFT,1319.93,-3.2
2023-05-22,Twitter,Post about AAPL stock,0.7,GOOG,1072.39,-2.46
2023-09-22,Facebook,Post about AMZN stock,0.88,AMZN,791.79,-4.75
2023-07-04,Twitter,Post about AAPL stock,-0.44,AAPL,623.59,-4.41
2023-03-27,Reddit,Post about MSFT stock,-0.1,MSFT,970.52,-4.41
2023-08-22,Facebook,Post about AMZN stock,-0.48,AAPL,145.31,4.53
2023-11-29,Facebook,Post about TSLA stock,0.73,AAPL,1078.24,-1.52
2023-04-12,Reddit,Post about AAPL stock,-0.9,MSFT,1363.59,4.16
2023-05-20,Twitter,Post about AAPL stock,0.06,MSFT,1276.76,-0.44
2023-12-21,Twitter,Post about AMZN stock,0.25,AMZN,253.26,2.36
2023-10-24,Reddit,Post about MSFT stock,0.85,GOOG,582.58,-4.43
2023-12-19,Facebook,Post about GOOG stock,-0.9,AAPL,996.22,-2.24
2023-01-31,Facebook,Post about GOOG stock,0.36,AAPL,788.85,-2.06
2023-07-25,Facebook,Post about TSLA stock,-0.69,AMZN,163.17,-0.88
2023-08-16,Facebook,Post about GOOG stock,0.13,GOOG,397.56,-4.06
2023-08-23,Facebook,Post about GOOG stock,-0.8,GOOG,798.01,-4.24
2023-07-14,Facebook,Post about TSLA stock,0.99,GOOG,1031.95,-0.34
2023-06-19,Twitter,Post about AMZN stock,0.68,AAPL,1284.81,-0.37
2023-02-16,Reddit,Post about AAPL stock,0.88,GOOG,738.03,3.8
2023-09-29,Reddit,Post about MSFT stock,-0.38,AMZN,1275.12,0.12
2023-12-31,Facebook,Post about TSLA stock,0.27,GOOG,1158.1,-3.69
2023-03-19,Reddit,Post about AMZN stock,0.89,GOOG,423.82,0.91
2023-12-02,Facebook,Post about GOOG stock,0.98,MSFT,808.15,-0.19
2023-02-09,Reddit,Post about GOOG stock,-0.54,MSFT,1339.16,3.54
2023-02-07,Facebook,Post about MSFT stock,0.55,TSLA,532.45,-0.08
2023-04-27,Facebook,Post about GOOG stock,0.91,AMZN,1178.98,4.09
2023-09-22,Reddit,Post about MSFT stock,0.89,MSFT,719.8,-4.09
2023-04-02,Twitter,Post about GOOG stock,-0.7,AMZN,1259.05,1.86
2023-07-29,Reddit,Post about GOOG stock,0.68,TSLA,1006.21,-0.82
2023-10-03,Reddit,Post about AAPL stock,-0.07,MSFT,632.28,-1.72
2023-05-18,Reddit,Post about AMZN stock,0.08,AMZN,1444.16,-0.48
2023-05-31,Reddit,Post about AAPL stock,-0.87,AAPL,833.38,4.13
2023-06-07,Reddit,Post about AAPL stock,0.84,AAPL,171.34,2.05
2023-11-29,Reddit,Post about MSFT stock,-0.37,AAPL,550.87,2.29
2023-03-11,Reddit,Post about AMZN stock,0.14,AMZN,934.15,-1.87
2023-10-15,Reddit,Post about AMZN stock,0.19,MSFT,952.0,0.72
2023-10-30,Reddit,Post about AAPL stock,-0.42,TSLA,966.7,-0.41
2023-05-06,Twitter,Post about GOOG stock,-0.1,GOOG,1397.5,-3.04
2023-12-18,Twitter,Post about GOOG stock,-0.15,GOOG,651.5,-2.37
2023-09-23,Reddit,Post about AMZN stock,-0.25,AMZN,644.44,0.8
2023-04-02,Facebook,Post about TSLA stock,0.26,AAPL,723.54,-4.67
2023-05-24,Twitter,Post about AMZN stock,0.78,GOOG,402.23,3.43
2023-07-12,Twitter,Post about TSLA stock,0.55,AMZN,303.04,1.16
2023-10-16,Facebook,Post about GOOG stock,-0.1,MSFT,510.85,-2.12
2023-06-03,Reddit,Post about AMZN stock,0.9,AAPL,938.66,4.33
2023-04-12,Reddit,Post about AMZN stock,0.71,TSLA,1264.82,1.96
2023-02-28,Reddit,Post about AAPL stock,0.95,GOOG,324.58,-1.92
2023-02-20,Facebook,Post about AAPL stock,0.22,GOOG,146.77,-1.97
2023-04-15,Twitter,Post about AMZN stock,0.79,GOOG,251.97,4.23
2023-04-05,Reddit,Post about AMZN stock,0.89,AAPL,160.67,1.38
2023-01-18,Twitter,Post about GOOG stock,0.5,GOOG,107.96,2.23
2023-02-25,Facebook,Post about AAPL stock,-0.41,GOOG,561.71,4.39
2023-03-06,Facebook,Post about MSFT stock,0.5,GOOG,1377.81,-2.49
2023-06-07,Reddit,Post about AAPL stock,0.87,TSLA,584.48,-4.1
2023-09-16,Facebook,Post about MSFT stock,-0.66,TSLA,1250.37,3.42
2023-06-02,Facebook,Post about TSLA stock,-0.86,MSFT,1297.92,0.91
2023-08-19,Reddit,Post about GOOG stock,-0.24,AAPL,1109.08,3.17
2023-05-04,Twitter,Post about AMZN stock,-0.09,TSLA,945.98,-4.17
2023-05-15,Twitter,Post about GOOG stock,0.59,GOOG,523.68,2.9
2023-05-13,Twitter,Post about TSLA stock,0.34,TSLA,944.96,4.77
2023-02-16,Facebook,Post about MSFT stock,0.08,TSLA,397.32,-4.08
2023-10-28,Facebook,Post about GOOG stock,-0.02,AAPL,113.0,2.52
2023-09-26,Facebook,Post about GOOG stock,-0.04,AMZN,1150.87,-0.92
2023-05-06,Facebook,Post about TSLA stock,-0.0,TSLA,1347.34,3.07
2023-09-04,Reddit,Post about AMZN stock,0.56,MSFT,541.36,3.16
2023-12-08,Facebook,Post about AMZN stock,0.7,TSLA,1215.81,1.14
2023-02-12,Reddit,Post about TSLA stock,0.08,AAPL,1106.8,-2.42
2023-02-26,Facebook,Post about MSFT stock,0.56,TSLA,959.27,-3.44
2023-04-30,Twitter,Post about AMZN stock,-0.45,AMZN,905.14,-1.82
2023-02-04,Facebook,Post about MSFT stock,0.1,AMZN,391.34,1.69
2023-08-18,Facebook,Post about GOOG stock,-0.64,AMZN,1219.94,0.6
2023-11-25,Facebook,Post about TSLA stock,0.87,GOOG,776.6,1.12
2023-09-12,Twitter,Post about AAPL stock,-0.61,MSFT,500.81,3.87
2023-03-14,Reddit,Post about GOOG stock,-0.16,GOOG,1216.97,-0.48
2023-04-14,Facebook,Post about TSLA stock,0.39,TSLA,122.98,2.14
2023-02-14,Twitter,Post about TSLA stock,0.7,AMZN,216.56,-0.5
2023-05-07,Facebook,Post about AMZN stock,-0.19,TSLA,763.46,-4.19
2023-08-05,Twitter,Post about TSLA stock,-0.77,TSLA,906.57,-1.7
2023-02-26,Facebook,Post about TSLA stock,0.16,GOOG,595.67,5.0
2023-10-25,Reddit,Post about AAPL stock,0.92,AMZN,632.98,4.59
2023-01-03,Twitter,Post about AMZN stock,0.15,TSLA,123.09,4.99
2023-03-09,Reddit,Post about MSFT stock,0.58,MSFT,1235.27,-3.95
2023-04-21,Reddit,Post about MSFT stock,-0.37,AAPL,680.1,-2.98
2023-09-30,Facebook,Post about AAPL stock,0.48,MSFT,386.29,0.92
2023-06-06,Twitter,Post about AMZN stock,0.82,GOOG,1004.57,-4.69
2023-04-30,Reddit,Post about GOOG stock,-0.15,TSLA,1291.98,0.23
2023-10-03,Reddit,Post about AMZN stock,-0.65,AAPL,486.45,0.01
2023-07-12,Reddit,Post about AAPL stock,0.76,AAPL,986.87,0.72
2023-08-05,Facebook,Post about AMZN stock,-0.85,MSFT,723.86,0.9
2023-05-20,Facebook,Post about MSFT stock,0.32,MSFT,452.42,-2.83
2023-05-12,Facebook,Post about TSLA stock,-0.25,AMZN,1156.76,-2.96
2023-05-27,Twitter,Post about TSLA stock,-0.02,MSFT,1363.2,4.96
2023-05-29,Twitter,Post about AAPL stock,-0.16,AAPL,557.77,1.43
2023-06-07,Facebook,Post about GOOG stock,-0.38,AMZN,533.12,-1.79
2023-03-18,Reddit,Post about MSFT stock,0.32,AAPL,631.55,-4.56
2023-10-31,Reddit,Post about AMZN stock,-0.87,MSFT,1241.79,0.66
2023-02-14,Twitter,Post about MSFT stock,-0.75,GOOG,118.34,1.33
2023-04-25,Facebook,Post about TSLA stock,-0.98,MSFT,1248.75,2.9
2023-05-26,Facebook,Post about AMZN stock,-0.39,GOOG,734.05,1.92
2023-08-20,Reddit,Post about TSLA stock,-0.28,TSLA,117.15,-4.24
2023-05-21,Facebook,Post about AMZN stock,0.28,TSLA,482.71,4.15
2023-01-04,Twitter,Post about AMZN stock,0.5,TSLA,425.06,2.59
2023-10-21,Reddit,Post about AAPL stock,-0.32,AAPL,493.94,3.12
2023-11-07,Twitter,Post about AMZN stock,0.06,AMZN,1093.45,2.3
2023-06-29,Twitter,Post about AMZN stock,0.57,MSFT,565.87,0.01
2023-07-05,Facebook,Post about AAPL stock,0.51,AMZN,1058.89,-2.73
2023-10-09,Reddit,Post about GOOG stock,-0.43,MSFT,156.83,-1.51
2023-11-15,Reddit,Post about MSFT stock,0.82,MSFT,1178.32,-3.63
2023-12-28,Twitter,Post about MSFT stock,-0.17,GOOG,1043.2,1.77
2023-08-20,Facebook,Post about AMZN stock,-0.59,TSLA,685.95,3.47
2023-06-23,Reddit,Post about AMZN stock,-0.85,AAPL,1448.9,3.51
2023-04-12,Twitter,Post about TSLA stock,0.66,AAPL,799.0,0.73
2023-11-05,Twitter,Post about AAPL stock,1.0,GOOG,328.04,4.23
2023-12-23,Reddit,Post about MSFT stock,-0.89,TSLA,264.55,-1.0
2023-01-31,Facebook,Post about AAPL stock,-0.29,GOOG,1491.06,3.05
2023-03-21,Facebook,Post about MSFT stock,0.76,GOOG,1107.46,2.86
2023-05-08,Twitter,Post about TSLA stock,-0.69,GOOG,1454.51,1.64
2023-04-15,Facebook,Post about GOOG stock,-0.81,GOOG,1257.82,5.0
2023-03-08,Facebook,Post about AMZN stock,0.83,GOOG,1123.26,1.79
2023-10-25,Reddit,Post about GOOG stock,0.16,TSLA,1253.2,3.72
2023-12-07,Twitter,Post about AAPL stock,-0.82,AMZN,864.91,0.83
2023-01-12,Facebook,Post about AMZN stock,-0.77,AMZN,760.46,2.71
2023-01-02,Reddit,Post about GOOG stock,0.88,GOOG,122.11,3.94
2023-09-19,Reddit,Post about AMZN stock,-0.96,TSLA,224.65,1.82
2023-09-13,Twitter,Post about AAPL stock,-0.19,AAPL,1127.16,-2.1
2023-01-11,Facebook,Post about AMZN stock,-0.42,AAPL,1273.79,-2.4
2023-02-19,Twitter,Post about AAPL stock,-0.04,AMZN,1102.63,-4.1
2023-09-04,Facebook,Post about GOOG stock,0.55,AMZN,895.09,1.08
2023-10-22,Facebook,Post about AMZN stock,0.3,TSLA,743.11,3.43
